正稿序号,照片,页内行,落地分类,落地商品,落地品牌,落地SKU,数量,单位,动作
9,IMG_3087,9,气源处理类,自动排水器,(无品牌),XFC400,43,个,新建商品+SKU
30,IMG_3088,11,手指气缸,MHY2 气动手指,(无品牌),MHY2-20D,1,个,新建商品+SKU
31,IMG_3088,12,手指气缸,HFZ 气动手指,(无品牌),HFZ-16D,1,个,新建商品+SKU
34,IMG_3088,15,油压表,压力表,(无品牌),2分牙50面板 10kg/1MPa,109,个,新建商品+SKU
35,IMG_3088,16,电磁水阀,电磁水阀,盛达(SDPC),Q22XD-2L 220V 全铜,118,个,已有商品补SKU
36,IMG_3088,17,电磁水阀,电磁水阀,盛达(SDPC),Q23XD-2L 220V 全铜,1,个,已有商品补SKU
37,IMG_3088,18,,,,FDF-8 220V,8,个,跳过：归到已有『制冷电磁阀/制冷电磁阀/百达』的 FDF-8 220V，已存在，不建
38,IMG_3088,19,,,,FB2E-V 220V 3分牙,26,个,跳过：归到已有『气动电磁阀/气动电磁阀/KSD』的 FB2E-V 3分，用库里现有 SKU
39,IMG_3088,20,,,,FB2E-V 220V 2分牙,24,个,跳过：归到已有『气动电磁阀/气动电磁阀/KSD』的 FB2E-V 2分，用库里现有 SKU
40,IMG_3089,1,,,,HR30,23,个,跳过：归到已有『调压阀/调压阀/MODEL』的 HR 30，已存在，不建
42,IMG_3089,3,电磁水阀,电磁水阀,神州,US-25 220V,29,个,已有商品补SKU
43,IMG_3089,4,电磁水阀,电磁水阀,神州,US-20 220V,13,个,已有商品补SKU
44,IMG_3089,5,电磁水阀,电磁水阀,神州,US-20K 220V 常开,9,个,已有商品补SKU
45,IMG_3089,6,气动电磁阀,DQK 电磁阀,(无品牌),DQK1442,1,个,新建商品+SKU
46,IMG_3089,7,气动电磁阀,DQK 电磁阀,(无品牌),DQK2422,7,个,新建商品+SKU
47,IMG_3089,8,气动电磁阀,DQK 电磁阀,(无品牌),DQK1422 220V,10,个,新建商品+SKU
48,IMG_3089,9,调压过滤器（二联件）,三联体,JYC,SFC2000-1/4,9,个,新建商品+SKU
49,IMG_3089,10,调压过滤器（二联件）,调压过滤器,百灵（BLCH）,2010-02,28,个,新建商品+SKU
50,IMG_3089,11,调压过滤器（二联件）,调压过滤器,百灵（BLCH）,AFR2000-02,295,个,新建商品+SKU
51,IMG_3089,12,气动电磁阀,DQK 电磁阀,(无品牌),DQK1322 24V,1,个,新建商品+SKU
62,IMG_3090,10,抽油泵,抽油泵,(无品牌),3-PHASE 1/4HP,1,台,新建商品+SKU
70,IMG_3091,1,手动阀,气动手动阀,卓良(zholo),MSV-86522R,1,个,已有商品补SKU
71,IMG_3091,2,手动阀,气动手动阀,盛达(SDPC),SD250612,13,个,已有商品补SKU
72,IMG_3091,3,手动阀,气动手动阀,盛达(SDPC),S230805A,9,个,已有商品补SKU
73,IMG_3091,4,手动阀,气动手动阀,盛达(SDPC),JM-02,4,个,已有商品补SKU
74,IMG_3091,5,手动阀,气动手动阀,盛达(SDPC),MOV-02,30,个,已有商品补SKU
75,IMG_3091,6,手动阀,气动手动阀,盛达(SDPC),JM-01,12,个,已有商品补SKU
76,IMG_3091,7,手动阀,气动手动阀,盛达(SDPC),S230805,16,个,已有商品补SKU
77,IMG_3091,8,手动阀,气动手动阀,(无品牌),S0230605A,19,个,新建商品+SKU
78,IMG_3091,9,手动阀,气动手动阀,照庆,Q25 RS-L6,2,个,新建商品+SKU
79,IMG_3091,10,手动阀,气动手动阀,(无品牌),3R210-08,34,个,新建商品+SKU
80,IMG_3091,11,手动阀,气动手动阀,(无品牌),4R210-08,22,个,新建商品+SKU
81,IMG_3091,12,调压阀,QTYH 调压阀,(无品牌),QTYH-08 0.5-30MPa,1,个,新建商品+SKU
82,IMG_3091,13,气源处理类,AF 过滤器,(无品牌),AF2000,30,个,新建商品+SKU
83,IMG_3091,14,气源处理类,AL 油雾器,(无品牌),AL2000,3,个,新建商品+SKU
84,IMG_3091,15,润滑器,斜阀式油杯,(无品牌),B型 50cm² M14X1.5,2,个,新建商品+SKU
85,IMG_3091,16,润滑器,斜阀式油杯,(无品牌),B型 25cm² M14X1.5,20,个,新建商品+SKU
86,IMG_3091,17,配件,缓冲器,(无品牌),AC3660-2,2,个,新建商品+SKU
87,IMG_3091,18,调压阀,HR 调压阀,(无品牌),HR-60,1,个,新建商品+SKU
88,IMG_3091,19,调压阀,HR 调压阀,(无品牌),HR-15,1,个,新建商品+SKU
89,IMG_3092,1,气源处理类,AC 三联件,(无品牌),AC4225,5,个,新建商品+SKU
90,IMG_3092,2,气源处理类,AC 三联件,(无品牌),AC2050-2,3,个,新建商品+SKU
91,IMG_3092,3,气源处理类,AC 三联件,(无品牌),AC2525-02,3,个,新建商品+SKU
92,IMG_3092,4,气源处理类,AC 三联件,(无品牌),AC2540-2,2,个,新建商品+SKU
93,IMG_3092,5,配件,压力开关,(无品牌),110,6,个,新建商品+SKU
94,IMG_3092,6,气源处理类,调压过滤器,(无品牌),NAR2000,39,个,已有商品补SKU
95,IMG_3092,7,气动电磁阀,4A 气控阀,(无品牌),4A320-10,15,个,新建商品+SKU
96,IMG_3092,8,气动电磁阀,4A 气控阀,(无品牌),4A230C-08,45,个,新建商品+SKU
97,IMG_3092,9,气动电磁阀,4A 气控阀,(无品牌),4A210-08,24,个,新建商品+SKU
98,IMG_3092,10,气动电磁阀,4A 气控阀,(无品牌),4A110-06,45,个,新建商品+SKU
99,IMG_3092,11,气动电磁阀,4A 气控阀,(无品牌),4A410-15,4,个,新建商品+SKU
100,IMG_3092,12,气动电磁阀,4A 气控阀,(无品牌),4A220-08,12,个,新建商品+SKU
101,IMG_3092,13,手动阀,气动手动阀,(无品牌),XQ250622,1,个,新建商品+SKU
102,IMG_3092,14,手动阀,气动手动阀,(无品牌),XQ230421,35,个,新建商品+SKU
103,IMG_3092,15,气动电磁阀,气动电磁阀,ZLPC,Q22HD-15,9,个,已有商品补SKU
104,IMG_3092,16,,,,Q22HD-40,2,个,跳过：归到已有『气动电磁阀/气动电磁阀/ZLPC』的 Q22HD-40，已存在，不建
105,IMG_3092,17,单向节流阀,单向节流阀,(无品牌),AXC200-08,50,个,新建商品+SKU
106,IMG_3092,18,配件,浮动接头,(无品牌),M14X1.5,31,个,新建商品+SKU
107,IMG_3092,19,配件,浮动接头,(无品牌),M20X1.5,20,个,新建商品+SKU
108,IMG_3092,20,配件,浮动接头,(无品牌),M16X1.5,21,个,新建商品+SKU
109,IMG_3092,21,配件,浮动接头,(无品牌),M10X1.25,41,个,新建商品+SKU
110,IMG_3093,1,配件,浮动接头,(无品牌),M8X1.25,28,个,新建商品+SKU
111,IMG_3093,2,配件,浮动接头,(无品牌),M12X1.5,76,个,新建商品+SKU
112,IMG_3093,3,配件,浮动接头,(无品牌),M6X1,40,个,新建商品+SKU
113,IMG_3093,4,配件,浮动接头,(无品牌),M5X0.8,24,个,新建商品+SKU
114,IMG_3093,5,配件,JA 浮动接头,(无品牌),JA10-4-070,21,个,新建商品+SKU
115,IMG_3093,6,配件,浮动接头,(无品牌),M22X1.5,20,个,新建商品+SKU
116,IMG_3093,7,配件,浮动接头,(无品牌),M18X1.5,20,个,新建商品+SKU
117,IMG_3093,8,不锈钢接头,不锈钢接头,(无品牌),6分套管,11,个,已有商品补SKU
118,IMG_3093,9,不锈钢接头,不锈钢接头,(无品牌),4分,1,个,已有商品补SKU
119,IMG_3093,10,气动电磁阀,4A 气控阀,(无品牌),4A420-15,1,个,新建商品+SKU
120,IMG_3093,11,排气阀,RE 消声器,盛达(SDPC),RE-02,39,个,新建商品+SKU
121,IMG_3093,12,排气阀,SE 消声器,盛达(SDPC),SE-06 2分,17,个,新建商品+SKU
122,IMG_3093,13,排气阀,SE 消声器,盛达(SDPC),SE-04 4分,3,个,新建商品+SKU
123,IMG_3093,14,排气阀,RE 消声器,盛达(SDPC),RE-06,27,个,新建商品+SKU
125,IMG_3093,16,排气阀,RE 消声器,盛达(SDPC),RE-03,27,个,新建商品+SKU
126,IMG_3093,17,排气阀,RE 消声器,盛达(SDPC),RE-01,105,个,新建商品+SKU
127,IMG_3093,18,手动阀,气动手动阀,(无品牌),S3R-M5,15,个,新建商品+SKU
128,IMG_3093,19,排气阀,快速排气阀,(无品牌),ST-01,18,个,新建商品+SKU
129,IMG_3093,20,排气阀,快速排气阀,(无品牌),ST-08,2,个,新建商品+SKU
130,IMG_3093,21,手动阀,气动手动阀,亚德客(AirTac),S3H-M5,1,个,新建商品+SKU
131,IMG_3094,1,排气阀,快速排气阀,(无品牌),QE-04,63,个,新建商品+SKU
132,IMG_3094,2,排气阀,快速排气阀,(无品牌),QE-02,17,个,新建商品+SKU
133,IMG_3094,3,液压手动阀,液压单向阀,(无品牌),GTC-02,32,个,新建商品+SKU
134,IMG_3094,4,液压手动阀,液压单向阀,(无品牌),GTC-03,50,个,新建商品+SKU
135,IMG_3094,5,手动阀,HSV 手动阀,(无品牌),HSV-08,1,个,新建商品+SKU
136,IMG_3094,6,手动阀,HSV 手动阀,(无品牌),HSV-10 3分,37,个,新建商品+SKU
137,IMG_3094,7,配件,流量计,(无品牌),LZT-1005G,10,个,新建商品+SKU
138,IMG_3094,8,油压表,油压表,(无品牌),50kg,6,个,已有商品补SKU
139,IMG_3094,9,油压表,油压表,(无品牌),40kg,1,个,已有商品补SKU
148,IMG_3095,1,宝塔接头,宝塔直通,(无品牌),8 双头,500,个,已有商品补SKU
149,IMG_3095,2,宝塔接头,宝塔直通,(无品牌),8-6,600,个,已有商品补SKU
150,IMG_3095,3,宝塔接头,宝塔直通,(无品牌),8-10,294,个,已有商品补SKU
151,IMG_3095,4,宝塔接头,宝塔直通,(无品牌),10,71,个,已有商品补SKU
152,IMG_3095,5,宝塔接头,宝塔三通,(无品牌),10,298,个,新建商品+SKU
153,IMG_3095,6,宝塔接头,宝塔三通,(无品牌),8,611,个,新建商品+SKU
154,IMG_3095,7,宝塔接头,宝塔三通,(无品牌),6,89,个,新建商品+SKU
155,IMG_3096,1,配件,铜球,(无品牌),8,1603,个,新建商品+SKU
156,IMG_3096,2,宝塔接头,宝塔直通,(无品牌),2,15,个,已有商品补SKU
157,IMG_3096,3,宝塔接头,宝塔直通,(无品牌),16,1,个,已有商品补SKU
158,IMG_3096,4,宝塔接头,宝塔直通,(无品牌),6,76,个,已有商品补SKU
159,IMG_3096,5,气缸,CDJ2B 针型气缸,(无品牌),CDJ2B10-40,50,个,新建商品+SKU
160,IMG_3096,6,,,,2分牙50面板 10kg/1MPa,731,个,跳过：SKU 疑似从 #34 复制串行，用户决定本轮跳过
161,IMG_3096,7,配件,鱼眼接头,(无品牌),M20X1.5,29,个,已有商品补SKU
162,IMG_3096,8,配件,鱼眼接头,(无品牌),M16X1.5,15,个,已有商品补SKU
163,IMG_3096,9,配件,鱼眼接头,(无品牌),M18X1.5,1,个,已有商品补SKU
164,IMG_3096,10,配件,鱼眼接头,(无品牌),M12X1.25,37,个,已有商品补SKU
165,IMG_3096,11,配件,鱼眼接头,(无品牌),M10X1.25,44,个,已有商品补SKU
